{
  "mean": [
    38.49628571428571,
    0.5597142857142857,
    6.5121590502148585,
    6.243842855828149,
    5.505272378966922,
    0.9932698419640461,
    59.390190476190476,
    2.0072380952380953,
    6.862802857569286,
    160.516,
    0.5713333333333334,
    0.02276190476190476,
    0.4059047619047619
  ],
  "scale": [
    11.98469204222367,
    0.5708439151906551,
    1.4473455606336432,
    1.7183545331631749,
    2.6070185716308143,
    0.5776323651625095,
    34.56615519153987,
    1.413184512765487,
    2.7422922838200625,
    81.22389181234081,
    0.4948853963854544,
    0.14914355652695901,
    0.49106627472047065
  ],
  "feature_cols": [
    "age",
    "gender",
    "sleep_duration_hours",
    "sleep_quality_score",
    "daily_screen_time_hours",
    "pre_sleep_screen_time_hours",
    "physical_activity_minutes",
    "caffeine_intake_cups",
    "mental_fatigue_score",
    "notifications_received_per_day",
    "age_adult",
    "age_teen",
    "age_young_adult"
  ]
}